{"0":{"0":-2.2657894051,"1":0.2241501571,"2":-2.1216587134,"3":0.6371844082,"4":1.0248691881,"5":1.9070077715,"6":0.2404453688,"7":0.2444957865,"8":0.6516829536,"9":-1.9073091347},"1":{"0":2.1986294758,"1":-2.3282024138,"2":-0.6306042006,"3":2.1391084024,"4":-1.9074633112,"5":1.4785721516,"6":-2.5035514343,"7":-1.8902389388,"8":-0.2215848835,"9":-0.9468814318},"2":{"0":1.5783456,"1":0.4533394332,"2":-0.0791082955,"3":-1.7236164199,"4":1.5593689468,"5":-0.2134156422,"6":1.4409051658,"7":-1.8195243722,"8":-2.1165610888,"9":0.3544890378},"3":{"0":-1.6857185225,"1":1.5060201999,"2":0.8199723541,"3":-1.2728819645,"4":0.2335786352,"5":-0.3450430076,"6":-1.7001849761,"7":-2.5264912478,"8":1.0559720386,"9":2.0741470868},"4":{"0":-0.8218014711,"1":0.2218079328,"2":0.7663111784,"3":-0.7317458073,"4":0.4459827753,"5":-1.0428079295,"6":-1.4515261679,"7":1.4085903215,"8":-2.7361895334,"9":-0.2442047895},"5":{"0":-1.8473681982,"1":-1.9867737877,"2":0.410109219,"3":1.2619806251,"4":-0.6382600511,"5":-0.0573381895,"6":-0.0298148707,"7":-1.976690539,"8":0.3828971097,"9":1.0408633777},"6":{"0":-0.184768092,"1":-0.5248711203,"2":-1.1045695731,"3":-1.2794118471,"4":-1.2414868772,"5":-0.2206223674,"6":-1.3189508734,"7":-0.4245666128,"8":-0.5792146973,"9":-0.668906888},"7":{"0":0.1009025496,"1":-0.2832852508,"2":-1.6352733035,"3":0.2873427786,"4":0.2018186179,"5":-0.8698171003,"6":-0.4053612991,"7":0.4279394086,"8":-1.1477854105,"9":-1.1998432668},"8":{"0":-2.2085494221,"1":-2.8815003529,"2":-0.0143537753,"3":-0.7875657394,"4":2.2766984122,"5":-0.8441350822,"6":0.3515058207,"7":0.4337663435,"8":1.2681773728,"9":0.9386634136},"9":{"0":0.3750491255,"1":0.9274083839,"2":-1.6175398538,"3":-1.481428884,"4":-0.4395636818,"5":0.2247907887,"6":1.8093635036,"7":-1.7651887069,"8":1.210346189,"9":-2.0088851705},"10":{"0":-0.6626416823,"1":-1.0512235884,"2":0.1796790119,"3":-1.7188487224,"4":-1.0808857449,"5":-0.4700229177,"6":-0.9605723271,"7":-0.7189861818,"8":-1.0530689331,"9":-0.7518519439},"11":{"0":0.3780420338,"1":1.8868327801,"2":0.943068048,"3":-0.3091621806,"4":-1.6819027953,"5":-1.1680793123,"6":-0.9689320001,"7":-0.1939123609,"8":1.8600401068,"9":-0.7658320032},"12":{"0":0.2786192453,"1":-0.5742797966,"2":3.3227951861,"3":-0.1495984067,"4":-1.2469066616,"5":-1.509329495,"6":1.255570143,"7":-0.0055053609,"8":-0.1774391332,"9":-2.1344607044},"13":{"0":0.4302676717,"1":-2.1424359363,"2":-1.7965145104,"3":-2.0871297831,"4":-1.9015460434,"5":-0.4741600959,"6":-1.1097047804,"7":1.6368701647,"8":-0.1582439386,"9":1.75694183},"14":{"0":-1.9548606558,"1":1.6862203289,"2":-0.4766206698,"3":2.3087731543,"4":-1.1101751248,"5":-1.8203007333,"6":-1.638558178,"7":0.6615318114,"8":-1.8548405293,"9":0.4950408031},"15":{"0":0.0166667038,"1":-0.4123748698,"2":-0.3396804776,"3":0.5511797057,"4":-2.4433580603,"5":0.0870422613,"6":2.5834919138,"7":-0.1522998379,"8":-0.3326139308,"9":-0.2660131172}}