{"0":{"0":-0.069141504,"1":0.785926918,"2":-0.3905973781,"3":-1.1636151723,"4":-0.3293761359,"5":0.9037696802,"6":-0.0512698167,"7":-0.1399284211,"8":0.3685620029,"9":-0.5653793909,"10":-0.0995236559,"11":-0.3679877172,"12":0.9034411068,"13":-0.7845825831,"14":0.4267631233,"15":-0.7981237984},"1":{"0":0.4303568135,"1":-0.3455613523,"2":-0.9201042175,"3":-0.3826894063,"4":1.2138328642,"5":-0.9633088119,"6":-0.6911392156,"7":-0.2420130339,"8":0.3719797741,"9":-0.1686700631,"10":0.4217824136,"11":-0.1856397663,"12":0.1061804575,"13":-1.032761091,"14":0.2804714085,"15":-0.7626111612},"2":{"0":0.0860056205,"1":-1.2716710325,"2":0.1335692003,"3":0.1851068791,"4":0.5798921451,"5":0.7410434279,"6":0.7146586128,"7":0.0345216616,"8":-0.0453714198,"9":0.5480150924,"10":-0.4918543288,"11":-0.7395248295,"12":0.1586690772,"13":-0.4695508365,"14":0.9365597635,"15":1.2516074822},"3":{"0":1.2405717974,"1":-0.0157521212,"2":-0.4178555305,"3":-0.0538922687,"4":-0.2730919916,"5":0.5495349669,"6":0.9891737865,"7":0.9419832352,"8":0.5862271866,"9":0.6491277543,"10":-1.006049059,"11":-0.4226682431,"12":-0.8240804116,"13":0.3081583376,"14":-0.1581307691,"15":-0.5053394057},"4":{"0":0.8958251449,"1":-1.7248975567,"2":0.5905527334,"3":0.6060613679,"4":0.8122631676,"5":0.6001171108,"6":0.1287536134,"7":-0.3326976065,"8":0.887940813,"9":1.2457892986,"10":0.2539704647,"11":0.961754616,"12":1.0654914865,"13":-0.1627145514,"14":-0.7098196554,"15":0.3009142777},"5":{"0":-0.7610748886,"1":0.897743287,"2":0.1399860451,"3":-0.0055192846,"4":-0.6159182179,"5":0.281757863,"6":-0.6285787876,"7":0.9508974046,"8":0.1088620028,"9":-0.4124572795,"10":-0.7854380215,"11":-0.0308602015,"12":-0.0057273093,"13":0.8227149493,"14":1.1260739513,"15":0.3245232945},"6":{"0":0.4425008519,"1":0.9329454126,"2":-0.4827191613,"3":0.7262022051,"4":-0.3945344719,"5":0.2889848592,"6":-0.0648685323,"7":0.8979156215,"8":-0.8668892569,"9":0.1768347599,"10":0.6148973234,"11":-0.0264965644,"12":-1.1386323715,"13":0.2725046748,"14":0.4496753417,"15":-0.9910938529},"7":{"0":1.1867442507,"1":-0.0038496403,"2":-0.9986117336,"3":1.1944039437,"4":-0.9263111613,"5":-0.1137220948,"6":-0.3168808332,"7":0.4673837499,"8":-0.3337047542,"9":-0.1764890446,"10":0.3114464395,"11":0.8163959622,"12":-1.3371362842,"13":-0.0814252267,"14":-0.3106683831,"15":-1.0582548158},"8":{"0":0.3664744074,"1":0.9678050708,"2":0.1140612862,"3":-0.5063391224,"4":0.2267354594,"5":0.022367712,"6":0.369653749,"7":0.7660810984,"8":-0.0396740747,"9":0.3319481322,"10":-0.5702725906,"11":-0.3924673707,"12":-0.1581463849,"13":-0.0461225055,"14":-1.3000685159,"15":-0.2308086881},"9":{"0":0.3151089733,"1":-0.111616818,"2":1.2457564759,"3":1.155617175,"4":-1.2418186118,"5":0.1231874544,"6":-0.1341189554,"7":-0.0502903658,"8":-1.1239002515,"9":1.2059893354,"10":1.0084046,"11":-0.0681533414,"12":-0.3371175751,"13":-1.792436187,"14":-0.6742681325,"15":-0.3215613782},"10":{"0":-0.6560883303,"1":0.6121511083,"2":0.4271626431,"3":-0.8977545014,"4":0.2906045512,"5":-0.2580335031,"6":0.5010899498,"7":-0.1031107786,"8":-0.8833444677,"9":-0.2231274377,"10":1.213771158,"11":0.62281111,"12":-0.6040540289,"13":-0.6436625787,"14":0.2879177765,"15":-0.8418212826},"11":{"0":0.2432434455,"1":-0.3945345793,"2":-0.2015503997,"3":0.6015457281,"4":-0.7482279563,"5":0.3229429711,"6":-0.1208149699,"7":0.4767569339,"8":-0.4131557135,"9":0.1961989216,"10":0.7361550049,"11":-0.878804676,"12":-0.6460994045,"13":0.4949620499,"14":-1.4921852633,"15":-0.8890861159},"12":{"0":-0.8164431462,"1":1.2541739873,"2":0.0118621249,"3":-0.9474718826,"4":1.2094544449,"5":0.8081358051,"6":-0.6895086136,"7":0.1964619487,"8":-1.157508058,"9":-1.1507686259,"10":-0.3591623596,"11":-0.7793372016,"12":0.8796755159,"13":0.0170687832,"14":0.1516616749,"15":-0.5559163368},"13":{"0":-0.2586167694,"1":0.0948881294,"2":0.5654061304,"3":-0.8695633084,"4":-0.5815008876,"5":-0.814828932,"6":1.013384168,"7":0.3280859521,"8":0.3327688979,"9":0.6738593029,"10":0.8867094834,"11":-0.1158136308,"12":0.100503411,"13":0.9858118674,"14":-0.9293787461,"15":-0.2097503026},"14":{"0":0.9217283516,"1":-0.4024589783,"2":-0.3365766183,"3":0.0286060817,"4":0.7037974354,"5":-1.4341488965,"6":1.1977463886,"7":1.1881418648,"8":-0.4693127417,"9":0.7082672869,"10":0.3311701686,"11":-0.4616211744,"12":-1.026563068,"13":-0.2033730873,"14":1.0148782664,"15":-0.6748942988},"15":{"0":0.8379241028,"1":-1.1991542041,"2":0.0454755217,"3":-0.9444105831,"4":0.3774358712,"5":-0.8498033335,"6":0.6458611445,"7":-0.0722104317,"8":-0.8463429541,"9":-0.5336957507,"10":0.6098245375,"11":-0.1973271408,"12":-0.779606727,"13":1.1460616829,"14":1.2523657814,"15":0.7380189163},"16":{"0":-0.4335620359,"1":0.8977895101,"2":0.745483983,"3":0.591452988,"4":0.4029752378,"5":0.4586333585,"6":0.186338669,"7":0.3887306646,"8":0.4829260127,"9":0.3007642084,"10":0.761097409,"11":-0.2946427155,"12":-0.0322790721,"13":-0.2701592859,"14":-0.9913576312,"15":1.279328678},"17":{"0":0.6528979626,"1":-0.1354077015,"2":-1.4841986246,"3":-0.9866934147,"4":-0.2931575983,"5":0.6732026878,"6":0.5523266153,"7":-0.755096605,"8":-0.0475956163,"9":-0.7458264796,"10":-0.5125687386,"11":-0.1220353602,"12":-0.498921331,"13":0.8571388257,"14":-0.2353409646,"15":0.1492050149},"18":{"0":0.1272867579,"1":0.4399961687,"2":0.7146088563,"3":0.0868487291,"4":-0.1918392069,"5":0.2196926854,"6":1.0690341632,"7":-0.3060201278,"8":0.5207055383,"9":-1.0763246594,"10":0.4348167923,"11":-1.4304284177,"12":-0.0547902799,"13":-0.0531035884,"14":0.7557899379,"15":0.1774614481},"19":{"0":-0.1782014588,"1":0.8990583102,"2":0.0191845265,"3":0.5036844415,"4":-0.3573732768,"5":-0.7184816384,"6":-0.0200355577,"7":0.632542112,"8":-0.4987304761,"9":0.4747911542,"10":0.9496713696,"11":0.7801445403,"12":0.2692066027,"13":-0.9187710362,"14":0.7887839877,"15":-0.3714247148},"20":{"0":-1.5057345869,"1":-0.7243472838,"2":0.0185571955,"3":0.4367832195,"4":1.2890931135,"5":-0.9765958046,"6":0.636670018,"7":-0.7493668648,"8":-1.0495535709,"9":-1.299511025,"10":0.2703938495,"11":-0.0730430054,"12":0.660905792,"13":1.07531566,"14":0.819006009,"15":0.9050778331},"21":{"0":-0.1731866838,"1":-0.8479535396,"2":0.9095171489,"3":-0.0333750854,"4":0.0364726339,"5":-1.1036474413,"6":0.8974378725,"7":1.166236161,"8":0.6888830158,"9":0.8268906552,"10":0.3714107297,"11":-0.0319045799,"12":-0.2290180418,"13":0.5463680897,"14":-0.922847149,"15":0.4026414735},"22":{"0":0.3090405551,"1":-1.7531412682,"2":1.5006044126,"3":0.3669538654,"4":1.5143499861,"5":-0.0708188635,"6":-0.2082282499,"7":-0.1879333594,"8":1.3776067064,"9":-1.4458864009,"10":0.7564286962,"11":-1.5979576063,"12":-1.627405691,"13":0.5042202557,"14":0.1799926931,"15":-0.7643277814},"23":{"0":-0.3046323306,"1":-0.6268305124,"2":-0.8061176264,"3":0.2511955045,"4":-0.3691691933,"5":-0.0589238043,"6":0.0509688233,"7":-0.078277298,"8":1.5898189654,"9":-1.338088477,"10":1.0026544803,"11":0.0348444771,"12":0.3145151467,"13":0.3316398195,"14":-0.6958265256,"15":-0.1832711318},"24":{"0":-0.2796487191,"1":0.7496273646,"2":-0.8926421934,"3":-0.3686242815,"4":0.2608803997,"5":-0.2074286046,"6":1.079851931,"7":0.5956790987,"8":-0.6196295834,"9":0.1380170568,"10":-0.1764336299,"11":0.9914952561,"12":0.4348703593,"13":-0.174515661,"14":0.2294468515,"15":-1.0508843009},"25":{"0":-1.2519790815,"1":-0.686437768,"2":0.3532847167,"3":0.4985886879,"4":0.0458104639,"5":0.8478300929,"6":0.0153339441,"7":0.274180362,"8":0.5652096535,"9":1.1453950986,"10":0.3656891745,"11":1.1079204615,"12":0.7841310377,"13":1.1165485998,"14":-0.4449968776,"15":1.1002103169},"26":{"0":1.3052842469,"1":-0.6054589508,"2":0.2345032174,"3":0.3679945334,"4":0.0274561732,"5":0.4975452947,"6":-0.4181984365,"7":0.2096733507,"8":0.7926011072,"9":-0.0485500494,"10":0.5108662129,"11":0.5241874976,"12":0.6310806284,"13":-1.4309032653,"14":0.7907714026,"15":0.7205566036},"27":{"0":-0.3134950271,"1":-0.5042509784,"2":-0.4400729424,"3":0.9153756929,"4":-0.3207835136,"5":0.5491985968,"6":-0.659514399,"7":-0.019396008,