{"0":{"0":1.4730972348,"1":-0.6032578541,"2":-0.8702822638,"3":-1.5386613714,"4":-0.9674917158,"5":-0.5154432867,"6":-0.5364061675,"7":1.6775020866,"8":-1.3103082099,"9":-0.1950726999},"1":{"0":-0.4128191774,"1":0.2275992015,"2":-2.1004965352,"3":1.0233349802,"4":-0.6751941382,"5":0.8481956495,"6":-1.1023312062,"7":0.2278560333,"8":-1.3404314243,"9":-0.5906377028},"2":{"0":0.7388176298,"1":-2.8919100851,"2":-0.1727294839,"3":0.628718464,"4":1.2836331995,"5":-0.1674367887,"6":0.1167150599,"7":-1.8814675824,"8":-1.1666020782,"9":-0.5216236282},"3":{"0":-1.2073394981,"1":1.2571303818,"2":-1.673944443,"3":-0.6320255625,"4":-0.0792141221,"5":-1.0983018065,"6":0.2232445663,"7":-0.1412093177,"8":-1.8576342051,"9":-0.0914854502},"4":{"0":-1.6413265835,"1":-0.6103971591,"2":-1.0720757403,"3":-1.1594927145,"4":0.868621822,"5":-0.2757954126,"6":-1.843772873,"7":0.7893861317,"8":-1.3866839296,"9":0.3909522614},"5":{"0":-1.219899109,"1":-1.3076881941,"2":-1.0512535799,"3":-0.3124171129,"4":0.4736924889,"5":-0.4414607581,"6":-1.87840869,"7":-1.2256983016,"8":1.1603695081,"9":0.3417191263},"6":{"0":-1.1392259842,"1":1.1185879277,"2":1.1238159445,"3":-1.8075504022,"4":-0.0672217669,"5":-0.97825601,"6":-0.410658333,"7":-1.0768768013,"8":-0.1365500199,"9":1.0949975734},"7":{"0":0.9625484629,"1":-0.0311956935,"2":0.133533619,"3":-0.7512423077,"4":-1.2357646137,"5":-0.6510102806,"6":-2.2299646749,"7":0.9149382221,"8":-1.2294691438,"9":-1.0465416422},"8":{"0":-2.1159939162,"1":1.4825868214,"2":0.4221053735,"3":0.0977672008,"4":-1.1047724792,"5":-0.9615211973,"6":0.6388957728,"7":-0.5546631266,"8":0.0655527693,"9":-1.5879521205},"9":{"0":1.3179264903,"1":-1.6362460463,"2":-1.0809769987,"3":-1.5545358092,"4":-1.1360128614,"5":-0.0247165539,"6":-0.9415810711,"7":-0.9931000234,"8":1.6653560864,"9":-0.348785393},"10":{"0":-0.7675569324,"1":1.3720178838,"2":0.8967182256,"3":0.4965970084,"4":-1.6642012885,"5":-0.7437865433,"6":-0.4820117717,"7":-1.2464127793,"8":0.4249226971,"9":-1.2266998616},"11":{"0":-0.788595226,"1":-1.7349587352,"2":-1.3264189613,"3":-2.6539121366,"4":1.1334886203,"5":-0.5873555423,"6":1.9164595752,"7":-0.2124194315,"8":-0.8154210155,"9":-0.284478534},"12":{"0":0.9013273007,"1":-1.7449701595,"2":1.4584675806,"3":0.2921943324,"4":-0.9122410346,"5":-0.107162887,"6":0.552597493,"7":-1.5621843111,"8":-1.3978936615,"9":-2.2235229164},"13":{"0":-0.664797073,"1":-0.6770920451,"2":-0.563429843,"3":1.5927824952,"4":-0.1421995026,"5":0.1049603144,"6":-1.0701842318,"7":-0.4774903341,"8":-0.4550451072,"9":-0.0507513393},"14":{"0":-1.2316808524,"1":-0.6055637271,"2":-0.7631948018,"3":-1.0932991397,"4":-1.378355518,"5":0.6399236728,"6":0.8760957869,"7":-1.9576186431,"8":0.8345518648,"9":0.1174557786},"15":{"0":-1.8543635313,"1":-0.8954990303,"2":-0.383141868,"3":0.0474155383,"4":-1.8296852864,"5":-0.1814972227,"6":-1.2999958914,"7":1.2988393643,"8":0.2607702859,"9":0.047919304}}