{"0":{"0":0.8204525588,"1":-0.4711696057,"2":0.5279118199,"3":-0.5676392058,"4":-2.8983490663,"5":-0.281205121,"6":1.1232788381,"7":-1.463083338,"8":1.8235675841,"9":-2.5247740551},"1":{"0":0.3665027192,"1":-1.4826630346,"2":-3.5368168111,"3":-0.9947909184,"4":-0.8336592451,"5":-1.287098413,"6":0.235857833,"7":-1.2358729852,"8":-1.7405988471,"9":1.2771603738},"2":{"0":-0.9120570335,"1":0.6972596154,"2":-0.696591476,"3":-0.5160429155,"4":0.1814912886,"5":-0.3937495681,"6":-0.781915365,"7":-0.6700404645,"8":-0.9652918776,"9":-0.9397160325},"3":{"0":-2.5671953892,"1":-1.6572313157,"2":0.0049705808,"3":-0.8833397396,"4":3.0072105134,"5":-0.7222543335,"6":1.9247812481,"7":-1.9153770931,"8":-1.2855342332,"9":-3.1178243163},"4":{"0":-1.1606985406,"1":1.2655350759,"2":-0.4842628087,"3":-0.8712891496,"4":-0.330776401,"5":-0.8818986225,"6":-1.122493482,"7":0.1545417166,"8":-1.9889045028,"9":-1.1706005937},"5":{"0":1.5045597836,"1":-1.3401026987,"2":0.9312920053,"3":-0.9335131726,"4":-1.0513052299,"5":-0.8508102732,"6":-1.5182439902,"7":-0.7000956143,"8":-1.3395508757,"9":-0.922410625},"6":{"0":0.2998227296,"1":-1.3445442653,"2":0.676087565,"3":0.0439095176,"4":-0.2452367004,"5":-0.0579028716,"6":-1.0805488499,"7":0.1677449574,"8":-0.9464389923,"9":0.2299332649},"7":{"0":-1.4768359905,"1":0.1480345574,"2":-1.2415514498,"3":-1.0397996957,"4":-1.2472019647,"5":-1.5218856399,"6":-1.1947412068,"7":-1.5441422939,"8":-1.4816353541,"9":-0.4526506122},"8":{"0":-0.4292225171,"1":-0.4818337264,"2":-0.7381329575,"3":-0.6749272496,"4":-1.1915554899,"5":-0.4183569905,"6":-0.4269945503,"7":3.7471728585,"8":-0.4158517996,"9":-2.273046247},"9":{"0":-1.5239146045,"1":0.9047355713,"2":1.7794005096,"3":-0.5534094521,"4":-1.5851981376,"5":-0.3023947677,"6":0.7485211067,"7":1.1671008246,"8":-2.4777357529,"9":-0.7868096828},"10":{"0":-0.9145589738,"1":-1.0455568631,"2":-1.9746553717,"3":-0.8989398729,"4":-0.3084067438,"5":-1.1058586973,"6":-2.1935434068,"7":1.1957909335,"8":-0.3117100251,"9":-1.8553268591},"11":{"0":2.1768694579,"1":-1.335189379,"2":-1.241998494,"3":-0.7945627807,"4":-1.2024932859,"5":-0.7725077844,"6":-0.1240034999,"7":-0.9217823779,"8":-1.6515611846,"9":-1.7988018824},"12":{"0":-1.2458903593,"1":-1.2880432142,"2":-0.5082804252,"3":-1.8233181612,"4":-0.4482982374,"5":-1.411064386,"6":-3.0915334803,"7":-1.8669750853,"8":-0.3250539119,"9":0.3807837997},"13":{"0":-0.9175296986,"1":-0.1941571018,"2":-0.5514337908,"3":-1.0840237595,"4":2.2149345985,"5":-0.4047196465,"6":-1.319827478,"7":-0.0407722373,"8":-1.1189398926,"9":-0.9879616671},"14":{"0":-2.2834821458,"1":0.1667660996,"2":-2.9866618738,"3":-0.2081367281,"4":-0.9320782924,"5":-0.6293080936,"6":-0.0235072233,"7":0.1597825962,"8":0.8045920477,"9":1.2770605745},"15":{"0":-2.6686692278,"1":0.7646286633,"2":0.0752397761,"3":-1.0135304953,"4":-0.8970489582,"5":-1.5021232656,"6":-1.4022483936,"7":-1.6304998367,"8":0.6288460293,"9":-1.7532383689}}