{"0":{"0":-1.0158136106,"1":-0.2781037853,"2":0.0314686922,"3":-0.2737250758,"4":-1.1079229666,"5":-0.0777939455,"6":-0.3748746592,"7":-0.5448201635,"8":0.8356335243,"9":-0.2766342416,"10":1.099367207,"11":-0.1537134571,"12":0.0376283768,"13":0.2530323292,"14":0.2222624596,"15":0.0249596536},"1":{"0":-0.2651500994,"1":0.4948814178,"2":-0.0465915009,"3":0.5670679055,"4":0.2418401352,"5":-0.1086176285,"6":0.3087551286,"7":-0.4229429991,"8":-0.402116086,"9":-0.2267348372,"10":-0.57540184,"11":-0.063565915,"12":-0.1490478521,"13":0.0794902853,"14":0.3115754582,"15":0.1564827494},"2":{"0":-0.0882771139,"1":-0.3625496762,"2":0.6993247588,"3":-0.8439478039,"4":-0.6911916484,"5":0.3580518753,"6":-0.1161089184,"7":-0.2355826129,"8":-0.4844289725,"9":0.230772182,"10":0.1600112241,"11":-0.3523241985,"12":0.2881337743,"13":-0.050545207,"14":-0.0924070669,"15":0.0293006635},"3":{"0":-0.462339664,"1":-0.2731864012,"2":-0.0937034643,"3":0.5809478903,"4":-0.2599888041,"5":-0.3675917276,"6":0.0294684623,"7":-0.7082084208,"8":0.6538533014,"9":-0.5015143341,"10":0.3033312294,"11":0.7252741118,"12":-0.0455531699,"13":-0.225695268,"14":0.7943023927,"15":-0.2800268712},"4":{"0":0.6853817657,"1":-0.0702619219,"2":0.1045549628,"3":0.1187316156,"4":-0.7183819989,"5":-0.7672561193,"6":0.3522693489,"7":-0.0379058617,"8":0.2971071797,"9":0.0520288074,"10":0.2931213337,"11":-0.287546828,"12":0.4278919945,"13":-0.3559989949,"14":0.5152847003,"15":0.2694316902},"5":{"0":0.804969628,"1":1.3138154996,"2":-0.2084783175,"3":-0.2633131135,"4":0.3103598618,"5":-0.4330311301,"6":-1.3197529627,"7":0.4152786431,"8":-0.5985774005,"9":-0.1104765718,"10":-0.6355739513,"11":-0.4411824156,"12":0.2895304987,"13":0.6799862017,"14":-0.7858710107,"15":0.7133161111},"6":{"0":-0.8964641581,"1":0.3283606941,"2":-0.3881320622,"3":-0.6461274964,"4":-0.1258908368,"5":0.6076751301,"6":0.6448850926,"7":-0.1309857172,"8":0.3458662593,"9":-0.272928713,"10":0.5937140938,"11":-0.9982988268,"12":-0.361546554,"13":0.6799561234,"14":0.1574386371,"15":0.7462971351},"7":{"0":0.3044473878,"1":-0.0017585677,"2":-0.2293918429,"3":0.8736392413,"4":0.3667173715,"5":-0.8913306623,"6":-0.2107583928,"7":0.6925967721,"8":0.4922919398,"9":-0.9721091753,"10":-0.2493818129,"11":-0.004570605,"12":0.0480425527,"13":-0.40547974,"14":-0.019265662,"15":0.5745655335},"8":{"0":-0.4294107828,"1":0.6656940415,"2":0.7190152452,"3":-0.4800523035,"4":0.2759642975,"5":0.6176758873,"6":-0.7458091919,"7":0.5599318133,"8":-0.4427810827,"9":-0.0799281487,"10":-0.0844450748,"11":-0.2542135573,"12":0.5520337662,"13":0.4155251301,"14":-0.7307954384,"15":-0.3716226755},"9":{"0":0.0937471266,"1":0.4331912044,"2":0.3784284256,"3":-0.0131381085,"4":-0.4758703073,"5":-0.0790606001,"6":-0.3962871613,"7":0.2355274513,"8":0.1435582385,"9":-0.0329056531,"10":-0.0306483281,"11":0.0289560963,"12":0.3785460429,"13":-0.1623838723,"14":0.2672713184,"15":-0.2932179635},"10":{"0":0.7974616285,"1":-0.2129370824,"2":-0.0873879109,"3":0.078733204,"4":0.0217947893,"5":-0.6178434202,"6":0.273839398,"7":1.1862977516,"8":-0.5089331958,"9":0.1792654533,"10":0.3020490341,"11":-0.4100948813,"12":0.1594924941,"13":-0.2310187074,"14":-0.5043937393,"15":-0.7999507497},"11":{"0":0.0894837388,"1":0.3879506567,"2":1.0862078719,"3":0.1528108629,"4":0.1929071625,"5":-0.0308615289,"6":-0.8328998929,"7":0.0347123436,"8":-0.0039492916,"9":-0.502927685,"10":-0.1427616958,"11":0.6261148106,"12":0.9802570587,"13":-0.1536987215,"14":-0.5068346031,"15":-0.8169784645},"12":{"0":1.1327306779,"1":0.0268834248,"2":-0.0508815634,"3":0.1114259284,"4":0.6570644571,"5":-0.1323255693,"6":-0.2794534639,"7":0.6944391176,"8":-0.3921118735,"9":-0.4417852789,"10":-0.7832624868,"11":0.2356270437,"12":-0.7093534403,"13":-0.3321153525,"14":-0.7721789912,"15":0.5228631506},"13":{"0":-0.0798419134,"1":0.5685463978,"2":0.1880080655,"3":0.3600194758,"4":0.1592033615,"5":-0.1914101251,"6":0.3862981473,"7":-0.1663827624,"8":-0.1621437162,"9":0.0256942893,"10":0.3571044581,"11":0.1903875167,"12":-0.3613817012,"13":-0.3525009287,"14":0.2737617373,"15":0.1847875483},"14":{"0":-0.5016657938,"1":-0.4689595103,"2":-0.5753963608,"3":-0.3921447124,"4":0.671518383,"5":0.8090840162,"6":-0.4588645534,"7":-0.6495794056,"8":-0.5541152717,"9":0.3599563253,"10":-0.3061327871,"11":-0.1241240095,"12":-1.0499922085,"13":0.1299924512,"14":0.1231180703,"15":0.8618453768},"15":{"0":-0.1599724041,"1":-0.3557973004,"2":-0.8279986868,"3":-0.4112672227,"4":0.3811366971,"5":0.2543721375,"6":0.5280153072,"7":0.4541339996,"8":0.2939096902,"9":0.3376589011,"10":0.167527058,"11":-0.5211297108,"12":-0.2333178271,"13":-0.7841118529,"14":0.1986395279,"15":0.0263663364},"16":{"0":-0.5409716141,"1":0.478557092,"2":0.5314540983,"3":0.0550172553,"4":0.5509506001,"5":0.1539720989,"6":-0.3733794328,"7":-0.1467808307,"8":-0.1771053174,"9":-0.6435540132,"10":-0.4474062516,"11":0.2719799376,"12":-0.4874815162,"13":0.1042055988,"14":-0.7046628217,"15":-0.4669359849},"17":{"0":-0.1612151408,"1":0.766492833,"2":-0.9525569763,"3":0.1929282937,"4":0.5948342103,"5":-0.3712415046,"6":0.2294285358,"7":0.1535229919,"8":0.6768450712,"9":-0.6376965283,"10":0.2749687313,"11":-0.800778766,"12":0.2655549924,"13":0.0482391391,"14":-0.1914737671,"15":1.0390913423},"18":{"0":0.0616321372,"1":-0.5268936292,"2":-0.4225043337,"3":-0.4206913237,"4":0.3460855732,"5":0.5016675635,"6":0.2150682565,"7":0.0697805117,"8":-0.9989839774,"9":0.9848524567,"10":-0.407023304,"11":0.3640590499,"12":-0.6520165777,"13":-0.7987323228,"14":0.0446678457,"15":-0.3241075019},"19":{"0":0.804550402,"1":0.0043169508,"2":0.4840937225,"3":-0.3394495326,"4":0.1424187551,"5":-0.7042965488,"6":-0.1426299131,"7":0.931469043,"8":-0.2759033093,"9":-0.2103677431,"10":-0.1895643837,"11":0.253811014,"12":0.766151288,"13":0.2601839525,"14":-0.6757754656,"15":0.0166091202},"20":{"0":-0.3900971562,"1":0.7324595815,"2":-0.8985881827,"3":0.8583220341,"4":-0.0747373551,"5":-0.082569919,"6":0.7554828517,"7":0.4132880288,"8":0.7503141091,"9":-0.0877419356,"10":0.8920590445,"11":-0.4944075549,"12":-0.9591571088,"13":-0.3850967493,"14":0.351845609,"15":-0.0707675749},"21":{"0":-0.433981399,"1":-0.3743455459,"2":0.1704230624,"3":0.9773232725,"4":0.6929769104,"5":-0.0276411249,"6":0.4918723348,"7":-1.1486692011,"8":-0.0255628871,"9":-0.433343408,"10":-0.7357800102,"11":1.1656496552,"12":-0.5047222987,"13":-0.053952292,"14":-0.0654786108,"15":-0.8105532706},"22":{"0":0.523989443,"1":-0.3968269611,"2":-0.6532309849,"3":0.4063095045,"4":0.5711786806,"5":0.6891955435,"6":0.5292776986,"7":0.3119280029,"8":-0.3988079283,"9":-0.2269231007,"10":-0.4716258472,"11":0.3738053818,"12":-0.6608907682,"13":-0.1659724014,"14":-1.0115681623,"15":0.1495543432},"23":{"0":-0.0742852373,"1":-0.5437508743,"2":0.9744480066,"3":-0.4897213534,"4":-0.5400490888,"5":-0.0816035261,"6":-0.4678831599,"7":-0.2039311985,"8":0.7773990955,"9":-0.0279869277,"10":0.5815856102,"11":-0.6007130666,"12":0.9430950708,"13":0.0329633583,"14":-0.02633231,"15":-0.1579635967},"24":{"0":0.3243295464,"1":0.3852819467,"2":-0.4509722298,"3":0.8476938645,"4":0.432393881,"5":0.4519529073,"6":-0.1414739557,"7":0.2479594081,"8":-0.5857212856,"9":-0.0633489275,"10":-0.2945934194,"11":-0.4556590246,"12":-0.7482672078,"13":0.4989024398,"14":-0.0260644367,"15":-0.4056932724},"25":{"0":-0.1320669981,"1":0.6480432564,"2":-0.4315328136,"3":0.9847049861,"4":0.8972245506,"5":-0.0219933644,"6":-0.2270692963,"7":-0.6016332238,"8":-0.0630464878,"9":-0.4360648985,"10":-0.8488468165,"11":0.4869222381,"12":-1.0201687266,"13":0.1705487803,"14":0.6582034473,"15":0.2656209754},"26":{"0":-0.6406714198,"1":0.1086091182,"2":-0.1115143762,"3":0.3618863378,"4":-0.3274291474,"5":0.4269422417,"6":-0.2966833081,"7":0.4655626403,"8":0.5315456519,"9":-0.7277505204,"10":0.8459849957,"11":-0.8494862615,"12":-0.1910729967,"13":0.655249014,"14":-0.2760971103,"15":-0.0638971241},"27":{"0":-0.8323344299,"1":-0.1293937678,"2":1.2708782843,"3":-0.3879774993,"4":-0.88291514,"5":0.4947939887,